<?xml version="1.0" encoding="utf-8"?>
<extension version="3.1" type="template" client="site">
        <name>revaco</name>
        <creationDate>2014-04-24</creationDate>
        <author>Dominik Sigmund</author>
        <authorEmail>dominik.sigmund@webdad.eu</authorEmail>
        <authorUrl>http://www.webdad.eu</authorUrl>
        <copyright>WebDaD 2014</copyright>
        <license>GNU/GPL</license>
        <version>1.55</version>
        <description>TPL_REVACO_XML_DESCRIPTION</description>
        
        <updateservers>
    		<server type="extension" priority="2" name="Update for Revaco">http://www.webdad.eu/revaco.xml</server>
 		</updateservers>
        
        <files>
                <filename>index.php</filename>
                <filename>error.php</filename>
                <filename>component.php</filename>
                <filename>templateDetails.xml</filename>
                <filename>readme.md</filename>
                <filename>LICENSE</filename>
                <filename>template_preview.png</filename>
                <filename>template_thumbnail.png</filename>
                <folder>img</folder>
                <folder>css</folder>
                <folder>js</folder>
                <folder>language</folder>
        </files>
        <positions>
                <position>breadcrumb</position>
                <position>translation</position>
                <position>navigation</position>
                <position>news</position>
                <position>search</position>
                <position>flags</position>
        </positions>
        <languages folder="language">
            <language tag="de-DE">de-DE/de-DE.tpl_revaco.ini</language>
			<language tag="de-DE">de-DE/de-DE.tpl_revaco.sys.ini</language>
			<language tag="en-GB">en-GB/en-GB.tpl_revaco.ini</language>
			<language tag="en-GB">en-GB/en-GB.tpl_revaco.sys.ini</language>
		</languages>
        <config>
		<fields name="params">
			<fieldset name="basic">
			 	<field name="sitetitle"  type="text" default="" required="true"
					label="JGLOBAL_TITLE"
					description="JFIELD_ALT_PAGE_TITLE_LABEL"
					filter="string" />
					
				<field name="show_site_description"
					type="radio"
					class="btn-group btn-group-yesno"
					default="1"
					label="TPL_REVACO_SHOW_DESC_LABEL"
					description="TPL_REVACO_SHOW_DESC_DESC"
				>
					<option value="1">JYES</option>
					<option value="0">JNO</option>
				</field>
				
			    <field name="sitedescription"  type="text" default=""
					label="JGLOBAL_DESCRIPTION"
					description="JGLOBAL_SUBHEADING_DESC"
					showon="show_site_description:1"
					filter="string" />
				
				<field name="custom_mobile_title"
					type="radio"
					class="btn-group btn-group-yesno"
					default="1"
					label="TPL_REVACO_CUSTOM_MOBILE_LABEL"
					description="TPL_REVACO_CUSTOM_MOBILE_DESC"
				>
					<option value="1">JYES</option>
					<option value="0">JNO</option>
				</field>
				<field name="mobile_title"  type="text" default=""
					label="TPL_REVACO_MOBILE_TITLE_LABEL"
					description="TPL_REVACO_MOBILE_TITLE_DESC"
					showon="custom_mobile_title:1"
					filter="string" />
					
				<field name="impressum_link" class="" type="url" default="" required="true"
					label="TPL_REVACO_IMPRESSUM_LINK_LABEL"
					description="TPL_REVACO_IMPRESSUM_LINK_DESC" />
					
			
			</fieldset>
		
			<fieldset name="colors">
				<field name="main_color" class="" type="color" default="#990000"
					label="TPL_REVACO_MAINCOLOR_LABEL"
					description="TPL_REVACO_MAINCOLOR_DESC" />

				<field name="comp_color" class="" type="color" default="#FFFFFF"
					label="TPL_REVACO_COMPCOLOR_LABEL"
					description="TPL_REVACO_COMPCOLOR_DESC" />
					
				<field name="assisting_color" class="" type="color" default="#FF9933"
					label="TPL_REVACO_ASSISTING_COLOR_LABEL"
					description="TPL_REVACO_ASSISTING_COLOR_DESC" />

				<field name="back_color" class="" type="color" default="#FFEBCD"
					label="TPL_REVACO_BACKCOLOR_LABEL"
					description="TPL_REVACO_BACKCOLOR_DESC" />
					
				
					
				
			</fieldset>
		
			<fieldset name="header">
				<field name="header_module"
					type="radio"
					class="btn-group"
					default="0"
					label="TPL_REVACO_HEADER_MODULE_LABEL"
					description="TPL_REVACO_HEADER_MODULE_DESC"
				>
					
					<option value="0">Default Header</option>
					<option value="1">Custom Header</option>
					<option value="2">Default Header with Preheader Module</option>
				</field>	
				<field name="header_module_html" 
					type="editor" 
					filter="safehtml"
					buttons="true" 
					hide="readmore,pagebreak"
					showon="header_module:1"
					label="TPL_REVACO_HEADER_MODULE_HTML_LABEL"
					description="TPL_REVACO_HEADER_MODULE_HTML_DESC"
					 />
				
				<field name="preheader_module_html" 
					type="editor" 
					filter="safehtml"
					buttons="true" 
					hide="readmore,pagebreak"
					showon="header_module:2"
					label="TPL_REVACO_PREHEADER_MODULE_HTML_LABEL"
					description="TPL_REVACO_PREHEADER_MODULE_HTML_DESC"
					 />
				
				<field name="header_backcolor" class="" type="color" default="#FFFFFF"
					label="TPL_REVACO_HEADER_BACKCOLOR_LABEL"
					description="TPL_REVACO_HEADER_BACKCOLOR_DESC" />
				<field type="spacer" name="W0" hr="true"/>	
				<field name="header_second_image_show"
					type="radio"
					class="btn-group btn-group-yesno"
					default="0"
					showon="header_module:0"
					label="TPL_REVACO_HEADER_SECOND_SHOW_LABEL"
					description="TPL_REVACO_HEADER_SECOND_SHOW_DESC"
				>
					<option value="1">JYES</option>
					<option value="0">JNO</option>
				</field>	
				<field name="header_second_image" class="" type="media" default=""
					label="TPL_REVACO_LOGO_HEADER_SECOND_LABEL"
					showon="header_module:0"
					description="TPL_REVACO_LOGO_HEADER_SECOND_DESC" />
					
				<field name="header_second_image_alt"  type="text" default=""
					label="TPL_REVACO_LOGO_HEADER_SECOND_ALT_LABEL"
					showon="header_module:0"
					description="TPL_REVACO_LOGO_HEADER_SECOND_ALT_DESC"
					filter="string" />
				<field name="header_logo_ratio" type="list" default="1"
				showon="header_module:0"
					label="TPL_REVACO_LOGO_HEADER_LOGO_RATIO_LABEL"
					description="TPL_REVACO_LOGO_HEADER_LOGO_RATIO_DESC">
						<option value="1">1 : 1</option>
						<option value="2">1 : 2</option>
						<option value="3">1 : 3</option>
						<option value="4">1 : 4</option>
				</field>
				<field name="header_googlefont"
					type="radio"
					
					class="btn-group btn-group-yesno"
					default="0"
					label="TPL_REVACO_HEADER_GOOGLEFONT_LABEL"
					description="TPL_REVACO_GOOGLEFONT_SHOW_DESC"
				>
					<option value="1">JYES</option>
					<option value="0">JNO</option>
				</field>
				<field name="header_googlefont_name"  type="text" default="Open+Sans"
					label="TPL_REVACO_HEADER_GOOGLEFONT_NAME_LABEL"
					description="TPL_REVACO_HEADER_GOOGLEFONT_NAME_DESC"
					showon="header_googlefont:1"
					filter="string" />
					
					
				<field name="header_webdadfont"
					type="radio"
					class="btn-group btn-group-yesno"
					default="0"
					label="TPL_REVACO_HEADER_WEBDADFONT_LABEL"
					description="TPL_REVACO_WEBDADFONT_SHOW_DESC"
				>
					<option value="1">JYES</option>
					<option value="0">JNO</option>
				</field>
				<field name="header_webdadfont_name"  type="text" default="alexbrush"
					label="TPL_REVACO_HEADER_WEBDADFONT_NAME_LABEL"
					description="TPL_REVACO_HEADER_WEBDADFONT_NAME_DESC"
					showon="header_webdadfont:1"
					filter="string" />
				
			</fieldset>
			
			<fieldset name="navigation">
				<field name="navigation_spacer"
					type="radio"
					class="btn-group btn-group-yesno"
					default="1"
					label="TPL_REVACO_NAVIGATION_SPACER_LABEL"
					description="TPL_REVACO_NAVIGATION_SPACER_DESC"
				>
					<option value="1">JYES</option>
					<option value="0">JNO</option>
				</field>
			</fieldset>
			
			<fieldset name="footer">
				<field name="footer_module"
					type="radio"
					class="btn-group "
					default="0"
					label="TPL_REVACO_FOOTER_MODULE_LABEL"
					description="TPL_REVACO_FOOTER_MODULE_DESC"
				>
					<option value="0">Default Footer</option>
					<option value="1">Custom Footer</option>
					<option value="2">Default Footer with custom left side</option>
				</field>
				<field name="footer_module_html" 
					type="editor" 
					filter="safehtml"
					buttons="true" 
					hide="readmore,pagebreak"
					showon="footer_module:1"
					label="TPL_REVACO_FOOTER_MODULE_HTML_LABEL"
					description="TPL_REVACO_FOOTER_MODULE_HTML_DESC"
					 />
				<field name="leftfooter_module_html" 
					type="editor" 
					filter="safehtml"
					buttons="true" 
					hide="readmore,pagebreak"
					showon="footer_module:2"
					label="TPL_REVACO_LEFTFOOTER_MODULE_HTML_LABEL"
					description="TPL_REVACO_LEFTFOOTER_MODULE_HTML_DESC"
					 />
				<field name="footer_color" class="" type="color" default="#FFFFFF"
					label="TPL_REVACO_FOOTER_COLOR_LABEL"
					description="TPL_REVACO_FOOTER_COLOR_DESC" />	
			</fieldset>
			
			<fieldset name="content">
				
				<field name="container_width"  type="text" default="80%"
					label="TPL_REVACO_CONTAINER_WIDTH_LABEL"
					description="TPL_REVACO_CONTAINER_WIDTH_LABEL"
					filter="string" />
					
				<field name="content_border_left"
					type="radio"
					class="btn-group btn-group-yesno"
					default="0"
					label="TPL_REVACO_CONTENT_BORDER_LEFT_LABEL"
					description="TPL_REVACO_CONTENT_BORDER_LEFT_DESC"
				>
					<option value="1">JYES</option>
					<option value="0">JNO</option>
				</field>
				<field name="content_border_right"
					type="radio"
					class="btn-group btn-group-yesno"
					default="0"
					label="TPL_REVACO_CONTENT_BORDER_RIGHT_LABEL"
					description="TPL_REVACO_CONTENT_BORDER_TIGHT_DESC"
				>
					<option value="1">JYES</option>
					<option value="0">JNO</option>
				</field>
			</fieldset>
			
			<fieldset name="mobile">
				<field name="swipe"
					type="radio"
					class="btn-group btn-group-yesno"
					default="1"
					label="TPL_REVACO_SWIPE_LABEL"
					description="TPL_REVACO_SWIPE_DESC"
				>
					<option value="1">JYES</option>
					<option value="0">JNO</option>
				</field>
			
				
				
				<field name="show_sm_icons"
					type="radio"
					class="btn-group btn-group-yesno"
					default="1"
					label="TPL_REVACO_SHOW_SM_ICONS_LABEL"
					description="TPL_REVACO_SHOW_SM_ICONS_DESC"
				>
					<option value="1">JYES</option>
					<option value="0">JNO</option>
				</field>
			</fieldset>
			<fieldset name="plugins">
			<field name="lazyload"
					type="radio"
					class="btn-group btn-group-yesno"
					default="1"
					label="TPL_REVACO_LAZYLOAD_LABEL"
					description="TPL_REVACO_LAZYLOAD_DESC"
				>
					<option value="1">JYES</option>
					<option value="0">JNO</option>
				</field>
			<field name="lazyload_threshold"  type="text" default="0" required="true"
					label="TPL_REVACO_LAZYLOAD_THRESHOLD_LABEL"
					description="TPL_REVACO_LAZYLOAD_THRESHOLD_DESC"
					showon="lazyload:1"
					filter="string" />
					
			<field type="spacer" name="myspacer10" hr="true" />	
				
			<field name="youtube"
					type="radio"
					class="btn-group btn-group-yesno"
					default="1"
					label="TPL_REVACO_YOUTUBE_LABEL"
					description="TPL_REVACO_YOUTUBE_DESC"
				>
					<option value="1">JYES</option>
					<option value="0">JNO</option>
				</field>
			<field name="youtube_width"  type="text" default="560" required="true"
					label="TPL_REVACO_YOUTUBE_WIDTH_LABEL"
					description="TPL_REVACO_YOUTUBE_WIDTH_DESC"
					showon="youtube:1"
					filter="string" />
			<field name="youtube_height"  type="text" default="315" required="true"
					label="TPL_REVACO_YOUTUBE_HEIGHT_LABEL"
					description="TPL_REVACO_YOUTUBE_HEIGHT_DESC"
					showon="youtube:1"
					filter="string" />
					
			<field type="spacer" name="myspacer764" hr="true" />	
					<field name="contentrotator"
					type="radio"
					class="btn-group btn-group-yesno"
					default="1"
					label="TPL_REVACO_CONTENTROTATOR_LABEL"
					description="TPL_REVACO_CONTENTROTATOR_DESC"
				>
					<option value="1">JYES</option>
					<option value="0">JNO</option>
				</field>
			<field name="contentrotator_transition_time"  type="text" default="6000" required="true"
					label="TPL_REVACO_CONTENTROTATOR_TRANSITION_TIME_LABEL"
					description="TPL_REVACO_CONTENTROTATOR_TRANSITION_TIME_DESC"
					showon="contentrotator:1"
					filter="string" />
					
			<field type="spacer" name="myspacer765" hr="true" />	
					<field name="fancybox"
					type="radio"
					class="btn-group btn-group-yesno"
					default="1"
					label="TPL_REVACO_FANCYBOX_LABEL"
					description="TPL_REVACO_FANCYBOX_DESC"
				>
					<option value="1">JYES</option>
					<option value="0">JNO</option>
				</field>
				<field name="fancybox_all_images"
					type="radio"
					class="btn-group btn-group-yesno"
					default="0"
					showon="fancybox:1"
					label="TPL_REVACO_FANCYBOX_ALL_IMAGES_LABEL"
					description="TPL_REVACO_FANCYBOX_ALL_IMAGES_DESC"
				>
					<option value="1">JYES</option>
					<option value="0">JNO</option>
				</field>
			</fieldset>
			<fieldset name="icons">
				<field name="favicon" class="" type="media" default=""
					label="TPL_REVACO_FAVICON_LABEL"
					description="TPL_REVACO_FAVICON_DESC" />
				
				<field name="logo-white" class="" type="media" default=""
					label="TPL_REVACO_LOGO_WHITE_LABEL"
					description="TPL_REVACO_LOGO_WHITE_DESC" />
				
				<field name="logo-196x196" class="" type="media" default=""
					label="TPL_REVACO_LOGO_ONENINESIX_LABEL"
					description="TPL_REVACO_LOGO_ONENINESIX_DESC" />
				
				<field name="logo-152x152" class="" type="media" default=""
					label="TPL_REVACO_LOGO_ONEFIVETWO_LABEL"
					description="TPL_REVACO_LOGO_ONEFIVETWO_DESC" />
					
				<field name="logo-144x144" class="" type="media" default=""
					label="TPL_REVACO_LOGO_ONEFOURFOUR_LABEL"
					description="TPL_REVACO_LOGO_ONEFOURFOUR_DESC" />
					
				<field name="logo-120x120" class="" type="media" default=""
					label="TPL_REVACO_LOGO_ONETWOZERO_LABEL"
					description="TPL_REVACO_LOGO_ONETWOZERO_DESC" />
					
				<field name="logo-114x114" class="" type="media" default=""
					label="TPL_REVACO_LOGO_ONEONEFOUR_LABEL"
					description="TPL_REVACO_LOGO_ONEONEFOUR_DESC" />
				
				<field name="logo-114x228" class="" type="media" default=""
					label="TPL_REVACO_LOGO_ONEONEFOUR_TWO_LABEL"
					description="TPL_REVACO_LOGO_ONEONEFOUR_TWO_DESC" />
					
				<field name="logo-114x342" class="" type="media" default=""
					label="TPL_REVACO_LOGO_ONEONEFOUR_THREE_LABEL"
					description="TPL_REVACO_LOGO_ONEONEFOUR_THREE_DESC" />
					
				<field name="logo-114x456" class="" type="media" default=""
					label="TPL_REVACO_LOGO_ONEONEFOUR_FOUR_LABEL"
					description="TPL_REVACO_LOGO_ONEONEFOUR_FOUR_DESC" />
				
				<field name="logo-76x76" class="" type="media" default=""
					label="TPL_REVACO_LOGO_SEVENSIX_LABEL"
					description="TPL_REVACO_LOGO_SEVENSIX_DESC" />
					
				<field name="logo-72x72" class="" type="media" default=""
					label="TPL_REVACO_LOGO_SEVENTWO_LABEL"
					description="TPL_REVACO_LOGO_SEVENTWO_DESC" />

				<field name="logo-60x60" class="" type="media" default=""
					label="TPL_REVACO_LOGO_SIXZERO_LABEL"
					description="TPL_REVACO_LOGO_SIXZERO_DESC" />
					
				<field name="logo-57x57" class="" type="media" default=""
					label="TPL_REVACO_LOGO_FIVESEVEN_LABEL"
					description="TPL_REVACO_LOGO_FIVESEVEN_DESC" />
					
				<field type="spacer" name="myspacer1" hr="true" />	
				
				<field name="startup-1536x2008" class="" type="media" default=""
					label="TPL_REVACO_STARTUP_ONEFIVE_LABEL"
					description="TPL_REVACO_STARTUP_ONEFIVE_DESC" />

				<field name="startup-1496x2048" class="" type="media" default=""
					label="TPL_REVACO_STARTUP_ONEFOUR_LABEL"
					description="TPL_REVACO_STARTUP_ONEFOUR_DESC" />
				
				<field name="startup-768x1004" class="" type="media" default=""
					label="TPL_REVACO_STARTUP_SEVENSIX_LABEL"
					description="TPL_REVACO_STARTUP_SEVENSIX_DESC" />
				
				<field name="startup-748x1024" class="" type="media" default=""
					label="TPL_REVACO_STARTUP_SEVENFOUR_LABEL"
					description="TPL_REVACO_STARTUP_SEVENFOUR_DESC" />
				
				<field name="startup-640x1096" class="" type="media" default=""
					label="TPL_REVACO_STARTUP_SIXFOURONE_LABEL"
					description="TPL_REVACO_STARTUP_SIXFOURONE_DESC" />
				
				<field name="startup-640x920" class="" type="media" default=""
					label="TPL_REVACO_STARTUP_SIXFOURNINE_LABEL"
					description="TPL_REVACO_STARTUP_SIXFOURNINE_DESC" />
					
				<field name="startup-320x460" class="" type="media" default=""
					label="TPL_REVACO_STARTUP_THREETWO_LABEL"
					description="TPL_REVACO_STARTUP_THREETWO_DESC" />
			</fieldset>
			<fieldset name="social_media">
				<field name="facebook"
					type="radio"
					class="btn-group btn-group-yesno"
					default="0"
					label="TPL_REVACO_FACEBOOK_LABEL"
					description="TPL_REVACO_FACEBOOK_DESC"
				>
					<option value="1">JYES</option>
					<option value="0">JNO</option>
				</field>
				<field name="facebook_link" class="" type="url" default=""
					label="TPL_REVACO_FACEBOOK_LINK_LABEL"
					description="TPL_REVACO_FACEBOOK_LINK_DESC"
					showon="facebook:1"
				 />
				<field type="spacer" name="myspacer2" hr="true" />	
				<field name="googleplus"
					type="radio"
					class="btn-group btn-group-yesno"
					default="0"
					label="TPL_REVACO_GOOGLEPLUS_LABEL"
					description="TPL_REVACO_GOOGLEPLUS_DESC"
				>
					<option value="1">JYES</option>
					<option value="0">JNO</option>
				</field>
				<field name="googleplus_link" class="" type="url" default=""
					label="TPL_REVACO_GOOGLEPLUS_LINK_LABEL"
					description="TPL_REVACO_GOOGLEPLUS_LINK_DESC"
					showon="googleplus:1"
					 />
				<field type="spacer" name="myspacer3" hr="true" />	
				<field name="twitter"
					type="radio"
					class="btn-group btn-group-yesno"
					default="0"
					label="TPL_REVACO_TWITTER_LABEL"
					description="TPL_REVACO_TWITTER_DESC"
				>
					<option value="1">JYES</option>
					<option value="0">JNO</option>
				</field>
				<field name="twitter_link" class="" type="url" default=""
					label="TPL_REVACO_TWITTER_LINK_LABEL"
					description="TPL_REVACO_TWITTER_LINK_DESC" 
					showon="twitter:1"
					/>
				<field type="spacer" name="myspacer4" hr="true" />	
				<field name="rss"
					type="radio"
					class="btn-group btn-group-yesno"
					default="0"
					label="TPL_REVACO_RSS_LABEL"
					description="TPL_REVACO_RSS_DESC"
				>
					<option value="1">JYES</option>
					<option value="0">JNO</option>
				</field>
				<field name="rss_link" class="" type="url" default=""
					label="TPL_REVACO_RSS_LINK_LABEL"
					description="TPL_REVACO_RSS_LINK_DESC" 
					showon="rss:1"
					/>
				<field type="spacer" name="myspacer5" hr="true" />	
				<field name="podcast"
					type="radio"
					class="btn-group btn-group-yesno"
					default="0"
					label="TPL_REVACO_PODCAST_LABEL"
					description="TPL_REVACO_PODCAST_DESC"
				>
					<option value="1">JYES</option>
					<option value="0">JNO</option>
				</field>
				<field name="podcast_link" class="" type="url" default=""
					label="TPL_REVACO_PODCAST_LINK_LABEL"
					description="TPL_REVACO_PODCAST_LINK_DESC" 
					showon="podcast:1"
					/>
				<field type="spacer" name="myspacer6" hr="true" />	
				<field name="youtube"
					type="radio"
					class="btn-group btn-group-yesno"
					default="0"
					label="TPL_REVACO_YOUTUBE_LABEL"
					description="TPL_REVACO_YOUTUBE_DESC"
				>
					<option value="1">JYES</option>
					<option value="0">JNO</option>
				</field>
				<field name="youtube_link" class="" type="url" default=""
					label="TPL_REVACO_YOUTUBE_LINK_LABEL"
					description="TPL_REVACO_YOUTUBE_LINK_DESC" 
					showon="youtube:1"
					/>
				<field type="spacer" name="myspacer7" hr="true" />	
				<field name="foursquare"
					type="radio"
					class="btn-group btn-group-yesno"
					default="0"
					label="TPL_REVACO_FOURSQUARE_LABEL"
					description="TPL_REVACO_FOURSQUARE_DESC"
				>
					<option value="1">JYES</option>
					<option value="0">JNO</option>
				</field>
				<field name="foursquare_link" class="" type="url" default=""
					label="TPL_REVACO_FOURSQUARE_LINK_LABEL"
					description="TPL_REVACO_FOURSQUARE_LINK_DESC" 
					showon="foursquare:1"
					/>
				<field type="spacer" name="myspacer8" hr="true" />		
			</fieldset>
			<fieldset name="analytics">
				<field name="clickheat"
					type="radio"
					class="btn-group btn-group-yesno"
					default="0"
					label="TPL_REVACO_CLICKHEAT_LABEL"
					description="TPL_REVACO_CLICKHEAT_DESC"
				>
					<option value="1">JYES</option>
					<option value="0">JNO</option>
				</field>
				<field name="clickheat_server" class="" type="url" default=""
					label="TPL_REVACO_CLICKHEAT_SERVER_LABEL"
					description="TPL_REVACO_CLICKHEAT_SERVER_DESC"
					showon="clickheat:1"
					 />
				<field name="clickheat_site" class="" type="text" default=""
					label="TPL_REVACO_CLICKHEAT_SITE_LABEL"
					description="TPL_REVACO_CLICKHEAT_SITE_DESC"
					showon="clickheat:1"
					 />
				<field name="clickheat_group" class="" type="text" default=""
					label="TPL_REVACO_CLICKHEAT_GROUP_LABEL"
					description="TPL_REVACO_CLICKHEAT_GROUP_DESC"
					showon="clickheat:1"
					 />
				<field type="spacer" name="myspacer9" hr="true" />		
				<field name="analytics"
					type="radio"
					class="btn-group btn-group-yesno"
					default="0"
					label="TPL_REVACO_ANALYTICS_LABEL"
					description="TPL_REVACO_ANALYTICS_DESC"
				>
					<option value="1">JYES</option>
					<option value="0">JNO</option>
				</field>
				<field name="analytics_id" class="" type="text" default=""
					label="TPL_REVACO_ANALYTICS_ID_LABEL"
					description="TPL_REVACO_ANALYTICS_ID_DESC"
					showon="analytics:1"
					 />
				<field name="analytics_property" class="" type="text" default=""
					label="TPL_REVACO_ANALYTICS_PROPERTY_LABEL"
					description="TPL_REVACO_ANALYTICS_PROPERTY_DESC"
					showon="analytics:1"
				 />
			</fieldset>
		</fields>
	</config>
</extension>